{"swagger":"2.0","info":{"version":"v1","title":"Password Update","description":"Password Update","termsOfService":"None"},"paths":{"/ORA/UpdatePassword":{"post":{"tags":["PasswordUpdate"],"operationId":"Update_Password","consumes":["application/json"],"produces":[],"parameters":[{"name":"data","in":"body","required":false,"schema":{"$ref":"#/definitions/UserPasswordUpdate"}}],"responses":{"200":{"description":"Success"}}}},"/ORA/GetDate":{"get":{"tags":["PasswordUpdate"],"operationId":"ReturnDate","consumes":[],"produces":[],"parameters":[],"responses":{"200":{"description":"Success"}}}}},"definitions":{"UserPasswordUpdate":{"required":["email_Address","new_Password"],"type":"object","properties":{"email_Address":{"type":"string"},"new_Password":{"type":"string"}}}},"securityDefinitions":{"basic":{"type":"basic","description":"basic authentication"}},"security":[{"basic":[]}]}